,#,Nimi,Joukkue,PP,O,M,S,P,R,+,-,±,YV,AV,VM,L,L%,A,A%,Aika
0,1.0,"Leskinen, Ville",Kärpät,OH,54,28,25,53,12,48,19,29,4,0,8,267,105,16,250,17:22
1,2.0,"Strömwall, Malte",KooKoo,OH,48,26,27,53,48,37,32,5,15,0,4,294,88,10,200,17:11
2,3.0,"Turunen, Teemu",HPK,OH,54,20,32,52,18,38,36,2,5,2,2,259,77,2,500,18:53
3,4.0,"Kuusela, Kristian",Tappara,OH,57,18,34,52,14,49,34,15,1,1,4,178,101,10,200,20:05
4,5.0,"Danforth, Justin",Lukko,OH,56,16,34,50,48,43,34,9,4,1,2,239,67,906,578,19:56
5,6.0,"Kaski, Oliwer",Pelicans,OP,55,17,30,47,6,45,40,5,10,0,2,368,46,0,-,20:42
6,7.0,"Saarinen, Jesse",Pelicans,VH,50,13,34,47,14,41,31,10,4,0,0,180,72,6,00,18:09
7,8.0,"Palve, Oula",TPS,KH,50,16,29,45,77,34,31,3,5,0,4,219,73,775,569,18:00
8,9.0,"Immonen, Jarkko",JYP,KH,57,15,30,45,42,38,31,7,3,0,3,259,58,1094,606,18:35
9,10.0,"Heponiemi, Aleksi*",Kärpät,OH,46,16,28,44,6,41,24,17,1,0,4,117,137,53,415,15:33
10,11.0,"Kalapudas, Antti",Sport,KH,52,11,33,44,10,34,33,1,1,0,5,146,75,635,466,16:17
11,12.0,"Thorell, Erik",HIFK,VH,43,21,22,43,6,49,25,24,4,0,2,159,132,8,250,17:19
12,13.0,"Pitkänen, Miikka",KooKoo,KH,56,16,27,43,44,39,36,3,4,0,3,196,82,818,462,17:09
13,14.0,"Ilomäki, Arttu",Lukko,KH,57,13,30,43,28,33,27,6,3,2,5,190,68,1018,541,18:43
14,15.0,"Innala, Jere",HPK,VH,57,22,19,41,16,36,38,-2,7,0,3,234,94,31,355,17:37
15,16.0,"Vauhkonen, Olavi",Sport,OH,52,17,24,41,18,40,30,10,6,0,1,207,82,114,474,16:47
16,17.0,"Salminen, Sakari",HIFK,VH,53,13,27,40,26,33,39,-6,3,0,0,174,75,1,1000,18:13
17,18.0,"Ruotsalainen, Arttu",Ilves,KH,55,21,18,39,14,41,30,11,5,2,4,230,91,1136,556,21:04
18,19.0,"DeFazio, Brandon",Lukko,VH,56,19,20,39,78,41,30,11,8,0,2,203,94,11,364,17:39
19,20.0,"Lepaus, Teemu",Ilves,VH,56,16,23,39,26,31,31,0,2,0,2,188,85,80,375,16:23
20,21.0,"Tyrväinen, Juhani",HIFK,KH,52,15,24,39,32,49,34,15,4,0,3,143,105,1079,545,20:48
21,22.0,"Zohorna, Hynek+",Pelicans,OH,45,14,25,39,12,35,19,16,4,0,2,145,97,48,417,17:16
22,23.0,"Santala, Tommi",HIFK,KH,56,13,26,39,42,42,33,9,5,0,2,184,71,753,548,16:38
23,24.0,"Nikkilä, Petteri",HPK,OP,56,3,36,39,42,55,44,11,1,1,0,207,14,0,-,22:41
24,25.0,"Hakulinen, Anrei",KooKoo,VH,50,16,22,38,24,29,28,1,6,1,2,156,103,71,479,17:16
25,26.0,"Kallela, Toni",Sport,VH,49,10,28,38,4,37,28,9,2,0,2,136,74,2,500,16:23
26,27.0,"Heikkinen, Ilkka",TPS,OP,54,10,28,38,98,28,26,2,8,0,1,255,39,1,1000,20:16
27,28.0,"Kunyk, Cody+",SaiPa,KH,53,14,23,37,18,37,41,-4,6,0,2,160,88,949,517,18:34
28,29.0,"Texier, Alexandre",KalPa,VH,52,12,25,37,34,33,43,-10,4,0,0,248,48,66,348,16:47
29,30.0,"Kristof, Michal",Kärpät,KH,55,7,30,37,10,30,15,15,4,0,2,120,58,659,496,16:51
30,31.0,"Kangasniemi, Iikka",HIFK,OH,36,22,14,36,10,31,23,8,3,0,2,95,232,3,333,15:59
31,32.0,"Keränen, Janne",Lukko,VH,56,19,17,36,22,29,25,4,10,0,6,230,83,7,00,17:08
32,33.0,"Morley, Tyler",SaiPa,KH,55,14,22,36,75,37,35,2,3,0,4,184,76,576,543,17:51
33,34.0,"Leino, Robert",HPK,KH,57,8,28,36,42,30,36,-6,2,0,2,183,44,1023,581,18:18
34,35.0,"Talaja, Roope",Sport,VH,52,20,15,35,97,30,35,-5,9,0,4,202,99,14,143,17:34
35,36.0,"Rask, Joonas",HIFK,OH,53,19,16,35,10,48,34,14,3,0,6,175,109,44,545,17:53
36,37.0,"Suomi, Eemeli",Ilves,VH,45,14,21,35,43,33,26,7,7,1,2,136,103,34,412,20:27
37,38.0,"Filppula, Ilari",TPS,KH,41,12,23,35,28,27,28,-1,4,0,2,123,98,390,467,18:00
38,39.0,"Tuulola, Eetu",HPK,OH,57,12,23,35,44,29,34,-5,5,0,3,204,59,23,348,17:22
39,40.0,"Mankinen, Jesse",Pelicans,VH,53,11,24,35,4,33,35,-2,4,1,0,188,59,37,351,18:57
40,41.0,"Eronen, Teemu+",HIFK,VP,49,9,26,35,22,48,34,14,2,1,3,186,48,0,-,21:30
41,42.0,"Järvinen, Jan-Mikael",Tappara,KH,57,9,26,35,34,35,33,2,2,0,2,101,89,412,517,17:15
42,43.0,"Mustonen, Aleksi",Pelicans,KH,46,8,27,35,6,37,29,8,1,0,0,126,63,565,444,17:12
43,44.0,"Ojamäki, Niko",Tappara,OH,55,22,12,34,4,38,26,12,5,0,5,226,97,7,429,18:32
44,45.0,"Kakko, Kaapo*",TPS,VH,42,20,14,34,10,30,31,-1,7,0,6,210,95,105,486,18:08
45,46.0,"Budish, Zach",TPS,OH,56,17,17,34,89,34,39,-5,7,0,3,160,106,227,564,17:32
46,47.0,"Tuppurainen, Jani",JYP,VH,51,10,24,34,26,35,27,8,2,0,3,146,68,16,188,17:53
47,48.0,"Ikonen, Joona",Ilves,OH,56,16,17,33,6,31,21,10,5,2,4,149,107,11,364,17:01
48,49.0,"Koivistoinen, Eetu",Lukko,VH,57,16,17,33,22,28,20,8,4,0,3,186,86,350,477,12:22
49,50.0,"Perrin, Éric",JYP,KH,53,15,18,33,16,32,29,3,4,0,0,166,90,364,552,15:38
50,51.0,"Luostarinen, Eetu",KalPa,KH,51,14,19,33,73,29,30,-1,2,1,7,131,107,787,496,19:02
51,52.0,"Haataja, Juha-Pekka",KooKoo,OH,50,13,20,33,41,24,36,-12,7,0,4,149,87,1,00,16:51
52,53.0,"Tomasek, David",JYP,KH,53,11,22,33,36,30,23,7,3,0,1,223,49,212,448,15:54
53,54.0,"Rissanen, Jaakko",KalPa,KH,45,11,22,33,18,29,37,-8,3,0,1,125,88,668,512,17:53
54,55.0,"Kousa, Mikko",Pelicans,OP,47,10,23,33,22,51,39,12,3,0,2,247,40,0,-,23:06
55,56.0,"Pyörälä, Mika+",Kärpät,VH,45,16,16,32,14,34,14,20,7,0,2,98,163,66,439,16:35
56,57.0,"Záborský, Tomas",Tappara,VH,44,16,16,32,18,31,16,15,2,0,4,136,118,11,273,16:46
57,58.0,"Rautiainen, Teemu",Ilves,VH,53,16,16,32,22,35,25,10,3,1,3,190,84,10,200,17:44
58,59.0,"Björninen, Hannes",Pelicans,KH,55,13,19,32,65,38,29,9,5,0,4,161,81,1126,592,19:31
59,60.0,"Lucenius, Niclas",HPK,KH,36,13,19,32,6,28,27,1,4,1,3,90,144,572,572,18:37
60,61.0,"Kupari, Rasmus",Kärpät,KH,40,12,20,32,28,34,22,12,4,0,3,116,103,458,524,14:38
61,62.0,"Paajanen, Otto",HPK,KH,57,12,20,32,36,38,36,2,4,1,1,156,77,1008,558,18:56
62,63.0,"Lasu, Nicklas",Kärpät,KH,55,9,23,32,30,45,14,31,4,0,2,134,67,1059,560,18:45
63,64.0,"Asplund, Turo",Jukurit,KH,55,9,23,32,24,35,38,-3,5,1,3,136,66,987,553,18:07
64,65.0,"Ainali, Aleksi+",Sport,OH,45,15,16,31,32,27,22,5,6,0,2,143,105,426,474,16:56
65,66.0,"Roine, Miika",Jukurit,OH,57,12,19,31,4,35,35,0,2,1,0,102,118,30,367,17:11
66,67.0,"#  Kärki, Jarno",Ässät,VH,41,17,13,30,20,26,26,0,9,0,2,171,99,112,473,19:13
67,68.0,"Nenonen, Markus",HPK,VH,49,16,14,30,2,29,32,-3,6,0,1,296,54,11,182,15:20
68,69.0,"Kivihalme, Teemu",Kärpät,VP,56,9,21,30,18,45,21,24,3,0,3,247,36,1,00,18:52
69,70.0,"Kemiläinen, Valtteri",Tappara,OP,54,9,21,30,51,40,30,10,2,0,1,208,43,0,-,18:51
70,71.0,"Leskinen, Otto",KalPa,OP,54,8,22,30,34,35,50,-15,3,0,0,240,33,1,1000,21:58
71,72.0,"Koivisto, Toni",Lukko,OH,56,18,11,29,16,35,36,-1,4,0,2,125,144,9,333,15:20
72,73.0,"Antonen, Joose",Ilves,OH,55,14,15,29,14,28,34,-6,5,0,1,221,63,3,333,14:59
73,74.0,"Nikko, Joni",SaiPa,OH,54,13,16,29,18,35,28,7,2,0,4,145,90,0,-,14:55
74,75.0,"Sund, Tony",Sport,VP,56,7,22,29,28,45,46,-1,3,0,2,177,40,0,-,20:43
75,76.0,"Oksanen, Ahti",SaiPa,OH,46,14,14,28,16,23,21,2,5,0,3,209,67,6,333,17:23
76,77.0,"Malinen, Jarkko",Tappara,KH,49,13,15,28,6,37,22,15,5,0,1,80,162,767,529,17:23
77,78.0,"Nuutinen, Mikko",KalPa,OH,56,11,17,28,24,20,37,-17,7,0,0,196,56,51,431,17:20
78,79.0,"Suhonen, Teemu",Tappara,OP,52,10,17,27,28,42,30,12,7,0,1,238,42,0,-,19:00
79,80.0,"Järvinen, Matti",Tappara,KH,56,9,18,27,43,32,26,6,4,0,1,104,87,673,535,14:35
80,81.0,"Kiviranta, Joel",Sport,OH,44,13,13,26,18,29,22,7,2,0,1,194,67,28,393,16:51
81,82.0,"Tyrväinen, Antti",Pelicans,KH,45,13,13,26,24,26,20,6,7,0,2,104,125,48,375,13:30
82,83.0,"Goodwin, David",SaiPa,VH,56,12,14,26,8,32,30,2,3,0,2,175,69,26,385,15:56
83,84.0,"Lindsten, Jasper",Kärpät,VH,49,10,16,26,14,35,18,17,0,3,6,114,88,9,444,14:00
84,85.0,"Erkinjuntti, Antti",Tappara,VH,56,7,19,26,8,30,29,1,3,0,1,122,57,15,400,15:38
85,86.0,"Pereskokov, Vadim",Jukurit,OH,43,14,11,25,6,24,33,-9,2,0,2,141,99,3,00,17:31
86,87.0,"Tikka, Tommi",Sport,KH,44,13,12,25,96,26,23,3,5,0,2,110,118,822,513,16:17
87,88.0,"Heshka, Shaun",Kärpät,OP,49,8,17,25,20,45,19,26,4,0,0,189,42,1,00,19:07
88,89.0,"Maalahti, Kalle",SaiPa,VP,57,4,21,25,40,40,37,3,0,0,2,171,23,0,-,21:17
89,90.0,"Rooba, Robert",JYP,OH,53,16,8,24,16,17,21,-4,8,0,1,218,73,11,455,15:03
90,91.0,"Jokinen, Tommi",KalPa,VH,54,15,9,24,18,20,32,-12,6,3,3,101,149,15,133,16:28
91,92.0,"Siikonen, Miska",Pelicans,KH,52,13,11,24,12,26,24,2,3,0,3,146,89,807,524,16:14
92,93.0,"Ylönen, Jesse*",Pelicans,OH,49,12,12,24,6,30,20,10,2,0,1,136,88,7,00,14:49
93,94.0,"Cornet, Philippe+",HPK,OH,44,12,12,24,47,24,24,0,4,0,3,117,103,1,1000,18:42
94,95.0,"#  Partanen, Mika",Jukurit,VH,30,12,12,24,6,17,21,-4,5,0,4,119,101,0,-,16:11
95,96.0,"Tiivola, Peter",Ässät,KH,46,11,13,24,40,23,33,-10,3,0,2,94,117,841,471,18:38
96,97.0,"Koblizek, Radek*",Kärpät,OH,49,10,14,24,4,29,10,19,1,0,0,143,70,4,250,14:01
97,98.0,"Piitulainen, Jesper",Jukurit,OH,56,10,14,24,10,21,30,-9,3,0,1,171,58,14,286,16:08
98,99.0,"Ekeståhl-Jonsson, Lucas",TPS,VP,55,6,18,24,32,36,35,1,0,0,1,169,36,4,750,16:24
99,100.0,"Rantakari, Otso+",Tappara,OP,46,5,19,24,38,31,35,-4,3,0,2,235,21,1,1000,19:30
100,101.0,"Hakanpää, Jani",Kärpät,OP,49,11,12,23,92,43,18,25,3,0,1,177,62,0,-,18:28
101,102.0,"Kichton, Brenden",SaiPa,OP,43,8,15,23,24,31,33,-2,3,0,1,155,52,0,-,21:30
102,103.0,"Turkulainen, Jerry",JYP,OH,56,7,16,23,18,30,25,5,3,0,1,93,75,13,154,15:49
103,104.0,"Reunanen, Tarmo",Lukko,VP,55,5,18,23,38,41,41,0,2,0,0,188,27,1,1000,21:12
104,105.0,"Krejcik, Jakub",Lukko,OP,52,4,19,23,32,37,31,6,1,0,0,196,20,0,-,22:47
105,106.0,"Kähkönen, Toni",KooKoo,VH,36,13,9,22,24,28,20,8,3,0,0,109,119,55,218,19:14
106,107.0,"Nättinen, Julius",JYP,KH,39,10,12,22,6,25,16,9,2,0,3,110,91,129,543,13:25
107,108.0,"Strömberg, Kim",KooKoo,OH,37,9,13,22,12,20,30,-10,1,0,0,139,65,539,434,18:00
108,109.0,"Levtchi, Anton",Tappara,OH,56,3,19,22,16,29,19,10,1,0,0,80,38,9,00,12:43
109,110.0,"Laaksonen, Oskari",Ilves,OP,43,3,19,22,34,37,35,2,2,0,0,157,19,0,-,21:30
110,111.0,"Osala, Oskar+",Kärpät,VH,27,14,7,21,22,16,9,7,4,0,3,93,151,57,579,16:47
111,112.0,"Sutter, Brody+",Sport,KH,45,9,12,21,10,25,36,-11,0,1,0,97,93,683,488,15:39
112,113.0,"Ohtamaa, Atte",Kärpät,VP,43,7,14,21,24,40,16,24,0,0,1,152,46,0,-,20:51
113,114.0,"Vähätalo, Julius",Jukurit,KH,57,11,9,20,6,25,31,-6,1,1,2,83,133,799,463,15:49
114,115.0,"Bjorkstrand, Patrick",TPS,VH,56,10,10,20,12,21,23,-2,3,0,1,149,67,283,410,15:53
115,116.0,"Tanus, Jonatan",SaiPa,VH,51,10,10,20,10,20,36,-16,5,0,1,121,83,19,263,15:59
116,117.0,"Lahtinen, Severi",Pelicans,VH,46,4,16,20,18,27,19,8,1,0,1,79,51,7,00,11:35
117,118.0,"O'Connor, Ryan",HIFK,OP,55,4,16,20,28,33,37,-4,2,0,0,173,23,0,-,17:57
118,119.0,"Varakas, Ville",HIFK,VP,56,3,17,20,36,43,34,9,0,0,0,113,27,0,-,18:10
119,120.0,"Karlsson, Erik",KooKoo,KH,47,3,17,20,24,20,37,-17,1,0,0,80,38,482,432,14:21
120,121.0,"Rapuzzi, William",Sport,OH,54,13,6,19,8,29,33,-4,2,0,2,135,96,72,583,13:59
121,122.0,"Jasu, Juhani",Tappara,KH,57,13,6,19,26,22,27,-5,6,0,3,86,151,912,533,16:24
122,123.0,"Nieminen, Otto+",TPS,VH,34,11,8,19,8,24,12,12,2,0,3,77,143,1,1000,11:34
123,124.0,"Vartiainen, Taavi",Pelicans,VH,56,11,8,19,45,26,26,0,1,0,1,123,89,36,389,12:51
124,125.0,"Mieho, Panu",Ilves,KH,42,7,12,19,50,24,18,6,1,1,2,70,100,572,449,14:43
125,126.0,"Gymer, Frank+",KalPa,VH,45,7,12,19,22,22,21,1,3,0,1,129,54,19,368,14:08
126,127.0,"Flinck, Markku",Jukurit,KH,53,7,12,19,12,21,23,-2,1,0,0,129,54,778,537,15:07
127,128.0,"Kantola, Kai+",KalPa,OH,29,6,13,19,18,18,15,3,2,0,1,90,67,68,515,16:34
128,129.0,"Jääskä, Juha",HIFK,KH,43,3,16,19,14,28,26,2,1,0,0,79,38,257,412,15:30
129,130.0,"Lindgren, Jesper",HPK,OP,42,2,17,19,10,22,25,-3,2,0,0,148,14,0,-,19:10
130,131.0,"Liuksiala, Juho",Ilves,OH,50,11,7,18,4,27,25,2,0,0,2,126,87,2,00,12:07
131,132.0,"Henritius, Teemu",Jukurit,KH,54,7,11,18,8,20,26,-6,1,0,1,61,115,254,445,14:56
132,133.0,"Hytönen, Juha-Pekka",JYP,KH,55,7,11,18,32,19,28,-9,3,1,1,131,53,912,549,17:09
133,134.0,"Parikka, Jarkko",Ilves,VP,55,5,13,18,64,46,30,16,0,0,1,168,30,2,00,20:20
134,135.0,"Tavi, Janne!",HPK,OH,56,5,13,18,16,28,39,-11,1,0,1,151,33,30,367,18:36
135,136.0,"Palmu, Petrus",TPS,VH,26,4,14,18,8,14,13,1,2,0,0,98,41,28,571,16:30
136,137.0,"Paukku, Jesse",Sport,VH,51,4,14,18,36,27,34,-7,0,1,0,73,55,17,235,13:37
137,138.0,"Salonen, Aleksi",TPS,OP,50,4,14,18,26,31,41,-10,1,0,1,170,24,0,-,20:28
138,139.0,"Kalteva, Mikko",JYP,VP,54,1,17,18,28,31,36,-5,0,0,1,173,06,0,-,20:40
139,140.0,"Lundell, Anton*",HIFK,KH,34,8,9,17,8,23,18,5,2,0,3,98,82,263,506,14:20
140,141.0,"Blood, Ben",Tappara,VP,35,4,13,17,38,35,19,16,1,0,0,116,34,1,00,21:07
141,142.0,"Autio, Erik*",SaiPa,OP,47,3,14,17,12,33,29,4,0,0,0,97,31,0,-,18:26
142,143.0,"Kokkonen, Mikko*",Jukurit,OP,53,2,15,17,18,22,37,-15,0,0,0,145,14,1,1000,17:13
143,144.0,"Wittchow, Ed",KooKoo,VP,43,9,7,16,63,35,37,-2,0,0,4,96,94,0,-,19:20
144,145.0,"Luoto, Joona",Tappara,VH,56,8,8,16,30,30,24,6,0,0,1,137,58,2,00,13:13
145,146.0,"Louhivaara, Ossi",JYP,OH,53,8,8,16,4,18,23,-5,1,0,3,109,73,13,308,13:29
146,147.0,"Valtola, Kalle*",KooKoo,OP,53,7,9,16,10,29,30,-1,0,0,0,122,57,0,-,13:03
147,148.0,"Marttinen, Jyri",Ässät,VP,49,6,10,16,32,25,29,-4,3,0,2,165,36,3,333,24:23
148,149.0,"Jürgens, Casimir",Pelicans,VP,48,5,11,16,22,48,31,17,1,0,1,153,33,0,-,22:47
149,150.0,"Halmo, Mike",Ilves,OH,48,5,11,16,109,18,23,-5,3,0,1,98,51,25,400,14:34
150,151.0,"Pelli, Arttu",KooKoo,OP,55,5,11,16,12,32,42,-10,1,1,1,159,31,0,-,17:40
151,152.0,"Niemi, Jyri",Sport,OP,41,4,12,16,97,27,22,5,3,0,1,99,40,0,-,17:13
152,153.0,"Salo, Robin",SaiPa,VP,55,4,12,16,20,27,32,-5,1,0,2,163,25,1,1000,18:26
153,154.0,"Vainio, Juuso",JYP,OP,52,3,13,16,24,31,28,3,0,0,1,150,20,1,1000,20:33
154,155.0,"Haapanen, Topias",Ilves,VH,45,8,7,15,10,21,20,1,1,0,2,55,145,22,682,10:32
155,156.0,"Salmio, Mikko!",Ässät,VH,43,7,8,15,10,16,26,-10,1,1,0,83,84,11,273,16:16
156,157.0,"Ikonen, Jasse",HIFK,KH,43,5,10,15,16,19,15,4,0,0,1,79,63,247,474,14:54
157,158.0,"Ahonen, Rony",Lukko,VP,42,5,10,15,53,28,28,0,0,0,0,89,56,0,-,18:40
158,159.0,"Nevalainen, Niklas",Sport,OP,43,4,11,15,26,32,23,9,0,0,0,91,44,0,-,16:36
159,160.0,"Klemetti, Aleksi*",KalPa,VH,53,4,11,15,6,16,31,-15,1,0,0,76,53,2,00,11:54
160,161.0,"Jokinen, Jussi",Kärpät,VH,10,2,13,15,2,13,5,8,0,0,0,25,80,28,571,17:31
161,162.0,"Laatikainen, Arto",HPK,VP,52,2,13,15,14,33,30,3,1,0,0,118,17,0,-,18:18
162,163.0,"Nättinen, Topi",SaiPa,KH,40,2,13,15,16,13,34,-21,0,0,0,114,18,171,480,15:07
163,164.0,"Kivelä, Niko",Pelicans,OH,42,12,2,14,4,20,21,-1,1,0,4,118,102,8,125,12:23
164,165.0,"Appelgren, Niklas",Ässät,KH,38,9,5,14,16,17,17,0,2,1,2,88,102,388,399,14:13
165,166.0,"Toivola, Artturi",Pelicans,KH,54,8,6,14,24,25,26,-1,1,0,1,79,101,555,508,12:51
166,167.0,"Rauhala, Otto",Tappara,KH,57,7,7,14,4,27,26,1,0,0,1,68,103,399,549,13:54
167,168.0,"Saari, Micke",SaiPa,KH,40,6,8,14,8,19,10,9,0,0,0,77,78,417,468,15:16
168,169.0,"Väyrynen, Teemu",TPS,VH,56,6,8,14,24,21,23,-2,1,0,3,97,62,66,303,14:56
169,170.0,"Friman, Niklas",HPK,VP,53,4,10,14,24,39,36,3,0,0,0,184,22,0,-,20:39
170,171.0,"Tamminen, Juhani",Ilves,KH,47,4,10,14,26,24,24,0,1,0,1,78,51,589,452,14:40
171,172.0,"Ojantakanen, Kasperi*",KooKoo,KH,46,3,11,14,10,19,26,-7,2,0,1,77,39,288,462,14:21
172,173.0,"Kivenmäki, Otto*",Ässät,VH,30,2,12,14,6,13,21,-8,0,0,0,51,39,30,400,15:24
173,174.0,"Lukka, Santeri",TPS,OP,49,1,13,14,50,31,24,7,1,0,0,135,07,0,-,19:42
174,175.0,"Wilson, Ryan",KalPa,VP,53,1,13,14,53,35,51,-16,0,0,0,130,08,1,00,22:41
175,176.0,"Peltola, Niko",Ilves,VP,56,0,14,14,46,35,29,6,0,0,0,126,00,0,-,21:10
176,177.0,"Ruuttu, Alexander",KalPa,OH,28,11,2,13,4,21,23,-2,3,0,3,117,94,137,496,17:39
177,178.0,"Laakso, Tapio",Lukko,KH,57,8,5,13,20,26,23,3,1,1,3,103,78,795,541,15:54
178,179.0,"Suoranta, Simon",TPS,VH,21,7,6,13,8,15,10,5,1,0,1,41,171,11,545,15:02
179,180.0,"Vidgren, Aaro",Lukko,OH,57,6,7,13,20,26,23,3,0,0,0,100,60,32,438,11:25
180,181.0,"Iso-Mustajärvi, Tomi",SaiPa,KH,57,6,7,13,18,17,19,-2,0,0,2,73,82,191,492,12:53
181,182.0,"Lappalainen, Lasse",KalPa,VP,43,6,7,13,43,13,37,-24,4,0,0,162,37,0,-,18:07
182,183.0,"Kukkonen, Lasse",Kärpät,VP,55,5,8,13,45,26,17,9,4,0,0,95,53,0,-,17:03
183,184.0,"Pajuniemi, Lauri",TPS,OH,42,5,8,13,18,15,16,-1,1,0,1,103,49,4,250,13:22
184,185.0,"Rekonen, Aleksi",Ässät,OH,51,5,8,13,14,18,28,-10,0,0,0,146,34,144,458,16:15
185,186.0,"Sevänen, Roni",Lukko,OP,55,4,9,13,42,33,27,6,0,0,2,90,44,1,00,18:23
186,187.0,"Salmela, Tuomas*",Ilves,VP,50,1,12,13,44,43,35,8,0,0,0,132,08,1,00,18:10
187,188.0,"Keskitalo, Miro",Pelicans,OP,43,0,13,13,24,22,27,-5,0,0,0,79,00,0,-,16:56
188,189.0,"Nyman, Linus*",Lukko,VH,49,7,5,12,10,16,20,-4,0,0,0,80,88,1,00,12:20
189,190.0,"Suuronen, Toni",KooKoo,VH,54,6,6,12,36,10,27,-17,2,1,0,116,52,9,111,14:42
190,191.0,"Sailio, Jari",Kärpät,VH,45,4,8,12,36,18,12,6,0,1,0,81,49,4,00,12:50
191,192.0,"Quincey, Kyle",HIFK,VP,31,4,8,12,52,19,22,-3,1,0,0,102,39,0,-,20:11
192,193.0,"Salmela, Saku",Ässät,OP,54,3,9,12,10,25,40,-15,2,0,0,95,32,1,00,16:54
193,194.0,"Heinola, Ville*",Lukko,VP,31,2,10,12,22,23,13,10,1,0,0,70,29,0,-,18:48
194,195.0,"Viljanen, Valtteri",Sport,OP,53,2,10,12,38,30,33,-3,0,0,0,126,16,0,-,16:35
195,196.0,"Piskula, Joe+",TPS,VP,48,1,11,12,44,40,24,16,0,0,0,100,10,0,-,20:25
196,197.0,"Nurmi, Markus",TPS,OH,57,1,11,12,20,20,20,0,0,1,0,104,10,8,375,15:39
197,198.0,"Puustinen, Valtteri*",HPK,OH,44,9,2,11,14,20,14,6,3,0,3,112,80,9,444,13:03
198,199.0,"Aaltonen, Juhamatti",Pelicans,OH,7,7,4,11,8,9,4,5,2,0,0,44,159,4,500,18:41
199,200.0,"#  Lessio, Lucas",HIFK,OH,16,6,5,11,16,8,9,-1,2,0,0,55,109,5,600,15:02
200,201.0,"Koho, Ville",SaiPa,KH,43,6,5,11,10,11,24,-13,4,0,1,48,125,511,483,14:41
201,202.0,"Siiki, Oskari",TPS,OH,40,5,6,11,35,15,10,5,0,0,1,56,89,5,400,9:10
202,203.0,"Kalliola, Joonas",Jukurit,VH,54,5,6,11,30,14,25,-11,0,0,0,74,68,37,351,11:26
203,204.0,"Vittasmäki, Veli-Matti",Tappara,VP,43,4,7,11,2,32,24,8,0,1,0,84,48,1,00,20:28
204,205.0,"#  Wirtanen, Petteri",TPS,KH,17,3,8,11,12,16,7,9,1,0,0,24,125,300,533,18:17
205,206.0,"Virtanen, Jonne!",TPS,KH,54,3,8,11,48,23,20,3,0,1,0,36,83,543,481,13:08
206,207.0,"Hyvärinen, Toni+",KalPa,OH,39,3,8,11,20,13,24,-11,0,0,0,71,42,31,323,14:05
207,208.0,"Lyytinen, Joonas",HIFK,OP,20,2,9,11,14,23,10,13,0,1,0,67,30,0,-,19:23
208,209.0,"Motin, Johan",HIFK,OP,56,1,10,11,48,42,31,11,0,0,0,119,08,0,-,18:41
209,210.0,"Mäntylä, Tuukka",Tappara,VP,46,1,10,11,42,28,27,1,0,0,0,63,16,0,-,15:45
210,211.0,"Sillanpää, Severi",Ässät,KH,54,1,10,11,12,12,31,-19,0,0,0,70,14,663,456,14:19
211,212.0,"Petrell, Lennart",HIFK,VH,44,6,4,10,38,12,21,-9,1,0,1,112,54,37,351,14:44
212,213.0,"Virtanen, Santeri*+",SaiPa,KH,39,5,5,10,6,18,11,7,0,0,1,54,93,261,433,14:28
213,214.0,"Ikonen, Joni+",KalPa,KH,13,5,5,10,6,9,12,-3,2,0,0,44,114,173,474,16:58
214,215.0,"Riska, Erik",Sport,KH,46,5,5,10,20,20,26,-6,0,0,0,57,88,345,432,13:13
215,216.0,"Gröndahl, Ari",KalPa,OP,57,5,5,10,36,29,35,-6,2,0,1,149,34,0,-,18:09
216,217.0,"Westermarck, Victor",Sport,OP,53,5,5,10,20,22,35,-13,1,0,0,114,44,1,00,14:53
217,218.0,"Mäkelä, Aleksi",Kärpät,OP,48,4,6,10,10,34,17,17,0,0,1,91,44,0,-,13:33
218,219.0,"Piipponen, Samuli",Jukurit,OP,56,4,6,10,32,33,23,10,0,1,0,125,32,0,-,18:10
219,220.0,"Eronen, Elmeri",TPS,OP,42,4,6,10,2,28,24,4,0,0,1,75,53,0,-,18:48
220,221.0,"Liedes, Heikki+",Lukko,VH,50,4,6,10,44,21,26,-5,2,0,1,128,31,55,327,16:27
221,222.0,"Leskinen, Ville",Jukurit,OH,39,3,7,10,12,18,12,6,0,0,0,109,28,2,500,13:51
222,223.0,"Lehtinen, Oskari",SaiPa,VH,40,3,7,10,18,12,11,1,0,0,0,63,48,43,581,9:26
223,224.0,"Fairchild, Cade",KalPa,VP,38,2,8,10,18,24,19,5,1,0,0,116,17,0,-,18:48
224,225.0,"Saarela, Antti*+",Lukko,KH,23,2,8,10,20,11,9,2,0,0,0,44,45,5,200,12:09
225,226.0,"Manninen, Oskari",Sport,VP,48,2,8,10,32,36,36,0,0,0,0,115,17,1,1000,19:31
226,227.0,"Varttinen, Matias",Ässät,OH,41,2,8,10,0,13,18,-5,0,0,0,88,23,5,200,11:43
227,228.0,"Sebok, Balazs+",KalPa,KH,33,2,8,10,10,11,22,-11,0,0,1,84,24,361,382,16:38
228,229.0,"Auk, Mark",Lukko,OP,47,1,9,10,12,24,23,1,0,0,0,95,11,0,-,12:21
229,230.0,"Oksanen, Emil*+",SaiPa,VH,20,5,4,9,4,7,7,0,3,0,0,46,109,0,-,13:36
230,231.0,"Hotakainen, Valtteri+",Jukurit,KH,35,5,4,9,22,10,17,-7,0,0,0,49,102,246,472,11:03
231,232.0,"Elorinne, Aleksi",Tappara,VP,51,4,5,9,39,28,17,11,0,0,2,104,38,0,-,14:15
232,233.0,"Lähteenmäki, Sami+",Ässät,OH,15,4,5,9,4,11,15,-4,0,0,1,50,80,32,469,18:42
233,234.0,"Flood, Mark",Ilves,OP,56,3,6,9,48,43,31,12,0,0,1,117,26,1,1000,17:27
234,235.0,"Seppälä, Jere",SaiPa,OP,47,3,6,9,28,25,22,3,0,0,1,50,60,1,1000,14:53
235,236.0,"Vainiola, Ville-Vesa",KalPa,KH,42,3,6,9,16,13,21,-8,0,0,0,43,70,610,534,15:10
236,237.0,"Makkonen, Jussi",Ässät,KH,56,3,6,9,24,23,43,-20,1,0,0,108,28,874,477,18:07
237,238.0,"Leimu, Juha",Ilves,VP,35,2,7,9,20,10,11,-1,0,0,1,109,18,0,-,12:37
238,239.0,"Killinen, Lenni*",Ässät,OH,28,2,7,9,4,9,14,-5,1,0,0,56,36,3,667,12:57
239,240.0,"Niskala, Janne",Lukko,VP,43,1,8,9,12,15,19,-4,0,0,0,92,11,0,-,12:18
240,241.0,"Robak, Colby+",Sport,VP,29,0,9,9,41,23,22,1,0,0,0,65,00,0,-,19:10
241,242.0,"Bonsaksen, Alexander",KooKoo,VP,49,0,9,9,38,30,33,-3,0,0,0,87,00,1,1000,21:23
242,243.0,"Sopanen, Vili",Lukko,OH,10,5,3,8,16,5,5,0,3,0,1,39,128,3,667,17:43
243,244.0,"Ratinen, Samuli*",JYP,VH,48,5,3,8,12,11,20,-9,0,0,1,92,54,6,00,12:22
244,245.0,"Koivisto, Kimi+",KooKoo,VH,21,5,3,8,2,8,18,-10,2,0,0,44,114,11,364,12:53
245,246.0,"Jokinen, Markus",JYP,VH,37,4,4,8,22,14,15,-1,0,0,0,68,59,6,167,12:50
246,247.0,"Kainulainen, Harri",Jukurit,OH,44,4,4,8,8,11,13,-2,0,0,0,83,48,206,500,11:00
247,248.0,"Ikonen, Ossi",JYP,VP,54,4,4,8,22,24,28,-4,0,0,0,102,39,0,-,16:19
248,249.0,"Kuru, Hannu+",TPS,KH,37,3,5,8,16,13,14,-1,0,0,1,53,57,241,510,13:26
249,250.0,"Honka, Anttoni*",Jukurit,OP,24,3,5,8,12,8,20,-12,1,0,0,59,51,0,-,15:44
250,251.0,"Leivo, Tomi+",KooKoo,VH,46,3,5,8,14,11,24,-13,0,1,1,98,31,24,208,13:27
251,252.0,"Teppo, Miihkali",Pelicans,VP,40,2,6,8,10,24,22,2,0,0,1,46,43,0,-,17:46
252,253.0,"#  Gormley, Brandon",TPS,VP,24,2,6,8,8,12,13,-1,0,0,2,55,36,0,-,16:30
253,254.0,"Karvinen, Otto",Kärpät,OH,50,2,6,8,119,14,16,-2,0,1,0,94,21,31,484,12:08
254,255.0,"Vainionpää, Samuli*",Ilves,KH,46,2,6,8,53,14,17,-3,0,0,0,67,30,426,408,11:43
255,256.0,"Tallberg, Teemu",HIFK,VH,22,1,7,8,27,10,8,2,0,0,0,42,24,29,414,13:26
256,257.0,"Savilahti, Eero",Ilves,VH,25,1,7,8,18,13,11,2,0,0,0,37,27,116,440,10:01
257,258.0,"Peltomäki, Niklas*",Ässät,OP,32,1,7,8,12,6,17,-11,1,0,1,61,16,0,-,14:16
258,259.0,"Newton, Jake",JYP,VP,20,5,2,7,8,10,9,1,2,0,1,89,56,1,00,16:10
259,260.0,"Ahtola, Jerry+",Ilves,KH,26,5,2,7,4,11,10,1,0,1,1,40,125,222,432,12:32
260,261.0,"Pikkarainen, Ilkka",KalPa,OH,13,5,2,7,4,7,7,0,1,0,0,27,185,6,333,15:16
261,262.0,"Pitkänen, Ilmari",HIFK,VH,48,4,3,7,4,17,19,-2,0,0,1,74,54,20,450,11:11
262,263.0,"Nordgren, Niklas*+",HIFK,OH,15,4,3,7,2,6,9,-3,1,0,2,41,98,3,333,13:43
263,264.0,"Kaksonen, Elmeri",SaiPa,VH,17,4,3,7,0,4,9,-5,2,0,0,38,105,8,375,13:36
264,265.0,"Mäenpää, Mikko",JYP,OP,20,4,3,7,14,13,19,-6,2,0,1,64,62,0,-,20:02
265,266.0,"Metsävainio, Tino*+",Kärpät,KH,27,3,4,7,0,20,9,11,0,0,0,40,75,256,449,12:14
266,267.0,"Ruokonen, Miro",HPK,VH,54,3,4,7,10,15,11,4,0,1,1,71,42,5,400,10:12
267,268.0,"Keränen, Juho",HIFK,OH,19,3,4,7,10,7,10,-3,0,0,0,36,83,175,434,16:24
268,269.0,"Löfman, Anssi+",SaiPa,OH,23,3,4,7,6,10,16,-6,0,0,0,36,83,74,392,13:17
269,270.0,"Saha, Mikael",Ässät,OH,50,3,4,7,26,8,27,-19,0,0,0,84,36,117,419,12:19
270,271.0,"Riska, Filip",HPK,KH,52,2,5,7,22,13,11,2,0,0,0,97,21,450,491,11:34
271,272.0,"Fälth, Elias",Tappara,OP,34,2,5,7,8,20,18,2,0,0,1,85,24,0,-,13:41
272,273.0,"Oden, Joonas*",KooKoo,OH,16,2,5,7,4,9,9,0,0,0,0,19,105,1,00,11:43
273,274.0,"Laakso, Aleksi",HIFK,VP,30,2,5,7,4,14,14,0,0,0,0,54,37,0,-,14:03
274,275.0,"Nilsson, Henrik",Pelicans,OP,45,2,5,7,26,22,22,0,0,0,0,86,23,0,-,16:08
275,276.0,"Åsten, Micke-Max",HIFK,OH,40,2,5,7,36,10,11,-1,0,1,0,68,29,134,470,12:09
276,277.0,"Jalonen, Jimi*",Jukurit,OP,46,2,5,7,16,21,32,-11,1,0,0,98,20,0,-,14:34
277,278.0,"Kinnunen, Santtu*",Pelicans,OP,26,1,6,7,4,21,9,12,0,0,0,56,18,0,-,13:29
278,279.0,"Kankaanperä, Markus",HIFK,VP,43,1,6,7,70,21,33,-12,0,0,1,38,26,0,-,14:50
279,280.0,"Virtanen, Mikko",KooKoo,KH,54,1,6,7,12,11,26,-15,0,0,0,86,12,688,406,13:52
280,281.0,"Anttila, Sami",Kärpät,VH,34,0,7,7,6,15,13,2,0,0,0,66,00,18,444,11:21
281,282.0,"Ganahl, Manuel",Lukko,VH,45,0,7,7,32,9,11,-2,0,0,0,65,00,2,500,10:50
282,283.0,"Sneck, Jere+",SaiPa,OP,51,0,7,7,20,21,27,-6,0,0,0,76,00,0,-,15:10
283,284.0,"Humaloja, Miska",Kärpät,KH,42,5,1,6,8,11,15,-4,0,0,1,53,94,429,513,11:50
284,285.0,"Tanus, Kristian*",Jukurit,KH,20,4,2,6,4,6,13,-7,2,0,1,36,111,112,438,11:48
285,286.0,"Juhola, Jouka",Ässät,VH,27,4,2,6,4,7,17,-10,0,0,0,47,85,5,200,12:33
286,287.0,"Huhtanen, Tuomas",Ässät,VH,48,4,2,6,20,9,30,-21,0,0,0,92,43,1,00,11:10
287,288.0,"Moilanen, Sami*",Tappara,VH,24,3,3,6,0,8,8,0,0,0,0,15,200,4,00,7:48
288,289.0,"Karjalainen, Miro",HPK,OP,44,3,3,6,66,10,16,-6,1,1,0,76,39,0,-,11:10
289,290.0,"Jaatinen, Antti",Jukurit,OP,38,3,3,6,12,13,25,-12,0,0,0,42,71,0,-,13:57
290,291.0,"Körkkö, Tomi",Sport,VH,51,3,3,6,4,12,31,-19,0,1,0,81,37,4,00,11:46
291,292.0,"Claireaux, Valentin",Sport,OH,36,2,4,6,52,13,16,-3,0,0,0,59,34,293,358,10:50
292,293.0,"Kojo, Markus",SaiPa,VP,50,1,5,6,105,19,16,3,0,0,0,38,26,0,-,14:04
293,294.0,"Knuutinen, Henri+",KalPa,KH,41,1,5,6,35,7,9,-2,0,0,0,46,22,154,390,10:15
294,295.0,"Pynnönen, Jarkko*",Pelicans,VP,44,1,5,6,2,20,23,-3,0,0,1,45,22,0,-,11:37
295,296.0,"Niemelä, Mikko",Kärpät,OP,48,0,6,6,10,28,23,5,0,0,0,64,00,0,-,15:23
296,297.0,"Lahti, Miika",JYP,KH,52,0,6,6,32,13,18,-5,0,0,0,60,00,524,536,13:02
297,298.0,"Lehtimäki, Miro*",Sport,OH,27,3,2,5,0,13,13,0,0,0,1,50,60,5,200,10:54
298,299.0,"Kolehmainen, Janne",JYP,VH,54,3,2,5,16,11,16,-5,0,0,1,96,31,49,286,13:05
299,300.0,"Matinpalo, Nikolas*",Ilves,OP,28,2,3,5,10,14,9,5,0,0,0,47,43,0,-,14:27
300,301.0,"Kaskinen, Olli*",TPS,VP,45,2,3,5,10,20,18,2,0,0,1,91,22,0,-,14:01
301,302.0,"#  Gordon, Andrew",Lukko,OH,7,2,3,5,12,3,4,-1,1,0,0,23,87,3,667,16:50
302,303.0,"Juusela, Aki",Ässät,OH,25,2,3,5,4,7,10,-3,0,0,0,48,42,5,200,10:33
303,304.0,"Seppälä, Peetro*",KooKoo,VP,29,2,3,5,14,8,12,-4,0,0,0,53,38,0,-,14:57
304,305.0,"Kanninen, Henri",HPK,VH,36,2,3,5,4,7,16,-9,0,0,0,55,36,195,503,12:13
305,306.0,"Tommila, Juho",Sport,OP,39,2,3,5,20,20,29,-9,0,0,0,94,21,0,-,16:36
306,307.0,"Rowley, Jordan",Pelicans,VP,11,1,4,5,2,11,5,6,0,0,0,24,42,0,-,18:26
307,308.0,"Kuronen, Mikael",SaiPa,VH,29,1,4,5,14,8,7,1,0,0,0,27,37,18,389,13:05
308,309.0,"Mäkinen, Konsta",KalPa,OP,57,1,4,5,32,20,22,-2,0,0,0,74,14,53,377,10:55
309,310.0,"Almari, Niclas",HPK,VP,41,1,4,5,6,14,18,-4,1,0,0,84,12,0,-,15:06
310,311.0,"Denisov, Vladimir+",SaiPa,VP,40,1,4,5,86,19,31,-12,0,0,0,53,19,2,00,18:45
311,312.0,"Haarala, Santeri*",Sport,KH,11,0,5,5,4,6,5,1,0,0,0,21,00,31,419,13:56
312,313.0,"Taimi, Tommi+",Ässät,OP,24,0,5,5,39,9,25,-16,0,0,0,104,00,0,-,18:26
313,314.0,"Engberg, Teemu",HIFK,VH,37,3,1,4,12,8,13,-5,0,0,0,57,53,3,333,9:08
314,315.0,"Vainikainen, Ville",SaiPa,VH,11,2,2,4,2,4,3,1,0,0,0,11,182,2,00,9:01
315,316.0,"Seppälä, Mikael",KalPa,VP,25,2,2,4,10,17,19,-2,0,0,1,47,43,0,-,18:53
316,317.0,"Junnila, Jyri",KalPa,OH,30,2,2,4,27,4,12,-8,0,0,1,47,43,41,439,12:42
317,318.0,"Niemeläinen, Markus",HPK,VP,47,1,3,4,8,20,16,4,0,0,0,69,14,0,-,13:46
318,319.0,"Ronkainen, Taneli",Kärpät,VP,38,1,3,4,39,14,11,3,0,0,1,55,18,0,-,12:50
319,320.0,"Friberg, Jere",Lukko,KH,13,1,3,4,2,4,4,0,0,0,0,13,77,105,543,9:38
320,321.0,"Laavainen, Roope",HPK,OP,20,1,3,4,6,7,7,0,0,0,1,22,45,0,-,11:56
321,322.0,"#  Järvinen, Joonas",Tappara,VP,14,1,3,4,22,7,9,-2,0,0,0,31,32,0,-,17:19
322,323.0,"#  Taipalus, Lauri",KalPa,VP,18,1,3,4,6,5,8,-3,0,0,0,24,42,0,-,13:42
323,324.0,"Varttinen, Aleksi*",Ässät,OP,46,1,3,4,28,19,27,-8,0,0,0,100,10,0,-,16:54
324,325.0,"Tuohilampi, Kristian",Ässät,VP,52,1,3,4,101,17,38,-21,0,0,0,88,11,0,-,15:40
325,326.0,"Kuukka, Mikko",JYP,VP,54,0,4,4,24,25,18,7,0,0,0,73,00,0,-,18:18
326,327.0,"Yonkman, Nolan",JYP,OP,29,0,4,4,64,15,13,2,0,0,0,40,00,0,-,16:10
327,328.0,"#  Koponen, Marlo",Jukurit,VP,19,0,4,4,14,9,10,-1,0,0,0,34,00,0,-,18:19
328,329.0,"Shtshemerov, Aleksandr",Pelicans,OP,28,0,4,4,2,12,15,-3,0,0,0,34,00,1,1000,16:04
329,330.0,"Hietanen, Valtteri",Jukurit,OP,36,0,4,4,18,16,20,-4,0,0,0,67,00,0,-,17:41
330,331.0,"Korhonen, Olli",KooKoo,VH,24,0,4,4,8,5,10,-5,0,0,0,17,00,2,00,11:59
331,332.0,"Brejcak, Jan",HPK,VP,37,0,4,4,30,12,21,-9,0,0,0,60,00,0,-,12:17
332,333.0,"Elimäki, Roope",Pelicans,KH,17,3,0,3,6,6,5,1,0,0,0,21,143,119,479,9:02
333,334.0,"Lahti, Janne+",HPK,VH,19,3,0,3,14,4,5,-1,0,0,2,28,107,6,333,11:09
334,335.0,"Karjalainen, Jere",Tappara,OH,10,3,0,3,6,3,5,-2,1,0,1,26,115,1,00,15:15
335,336.0,"#  Tukonen, Lauri",Ässät,VH,7,3,0,3,18,3,6,-3,1,0,1,34,88,2,1000,16:20
336,337.0,"Kulmala, Lauri*",Ässät,OH,31,3,0,3,2,6,18,-12,0,0,1,36,83,22,318,9:55
337,338.0,"Sammalisto, Jerry*",Ässät,KH,18,2,1,3,0,4,6,-2,1,0,1,25,80,82,427,10:49
338,339.0,"Karvonen, Elias",TPS,KH,28,2,1,3,16,6,14,-8,0,0,0,45,44,294,466,12:55
339,340.0,"#  Eklund, Oscar",JYP,OP,16,1,2,3,6,13,6,7,1,0,1,54,19,0,-,19:13
340,341.0,"Utunen, Toni*",Tappara,VP,40,1,2,3,6,12,8,4,0,0,0,58,17,0,-,12:16
341,342.0,"Koivisto, Henrik",HIFK,KH,13,1,2,3,4,6,5,1,1,0,0,10,100,81,469,9:59
342,343.0,"Rautanen, Juho",Tappara,VP,26,1,2,3,2,13,14,-1,1,0,0,38,26,0,-,15:57
343,344.0,"Krivosik, Filip*",HPK,OH,22,1,2,3,6,4,6,-2,0,0,1,42,24,40,425,10:07
344,345.0,"Lähde, Nestori",Jukurit,VH,52,1,2,3,18,13,22,-9,0,0,1,62,16,3,00,9:49
345,346.0,"Vainio, Olli",Ilves,OP,41,0,3,3,10,21,15,6,0,0,0,61,00,0,-,13:03
346,347.0,"Petman, Ville*+",Lukko,OH,14,0,3,3,2,4,6,-2,0,0,0,11,00,0,-,9:48
347,348.0,"Forsström, Jani",TPS,VP,51,0,3,3,20,19,21,-2,0,0,0,69,00,0,-,12:05
348,349.0,"Jokinen, Jaakko",JYP,OP,15,0,3,3,6,7,10,-3,0,0,0,30,00,0,-,15:19
349,350.0,"Laine, Mikko",Pelicans,OH,35,0,3,3,4,6,10,-4,0,0,0,67,00,0,-,7:41
350,351.0,"Nikkanen, Henri*+",Jukurit,KH,9,2,0,2,0,4,3,1,0,0,0,13,154,62,435,9:24
351,352.0,"#  Koules, Miles",HIFK,OH,13,2,0,2,2,3,9,-6,1,0,1,25,80,9,556,14:06
352,353.0,"Ritamäki, Janne+",Jukurit,VH,11,1,1,2,8,6,2,4,0,0,0,21,48,1,1000,12:54
353,354.0,"Mäkitalo, Roope*",Pelicans,OH,4,1,1,2,2,2,0,2,1,0,1,7,143,29,483,10:13
354,355.0,"Stråka, Anton*",JYP,KH,8,1,1,2,2,4,3,1,0,0,0,8,125,43,419,11:07
355,356.0,"Lehtonen, Matias*+",Tappara,VH,15,1,1,2,2,4,3,1,0,0,1,17,59,0,-,7:26
356,357.0,"Lehtinen, Lassi",Lukko,MV,50,1,1,2,0,-,-,-,0,0,0,1,1000,0,-,-
357,358.0,"Allén, Roni*",JYP,OP,33,1,1,2,22,12,12,0,0,0,0,61,16,0,-,13:29
358,359.0,"Hämäläinen, Janne",HIFK,OH,6,1,1,2,2,2,3,-1,0,0,0,7,143,13,231,9:29
359,360.0,"And, Terry*",HIFK,OH,14,1,1,2,0,4,6,-2,0,0,0,12,83,0,-,10:00
360,361.0,"Parikka, Valtteri",KalPa,OP,24,1,1,2,2,5,15,-10,1,0,0,81,12,0,-,14:59
361,362.0,"Mutanen, Sami",KooKoo,OH,37,1,1,2,4,7,18,-11,0,0,0,44,23,7,571,12:36
362,363.0,"Huttula, Joona*",Kärpät,VP,5,0,2,2,2,5,3,2,0,0,0,9,00,0,-,9:56
363,364.0,"Palojärvi, Antti*",Lukko,VP,16,0,2,2,4,6,4,2,0,0,0,14,00,0,-,5:18
364,365.0,"Hyvärinen, Ville",Jukurit,VP,54,0,2,2,40,20,19,1,0,0,0,45,00,0,-,13:52
365,366.0,"Aho, Juhana+",Jukurit,MV,50,0,2,2,0,-,-,-,0,0,0,0,-,0,-,-
366,367.0,"Aittokallio, Sami",Sport,MV,54,0,2,2,2,-,-,-,0,0,0,0,-,0,-,-
367,368.0,"Helenius, Riku",Ilves,MV,54,0,2,2,2,-,-,-,0,0,0,0,-,0,-,-
368,369.0,"Larmi, Emil+",HPK,MV,39,0,2,2,6,-,-,-,0,0,0,1,00,0,-,-
369,370.0,"Laurikainen, Eetu",JYP,MV,55,0,2,2,6,-,-,-,0,0,0,0,-,0,-,-
370,371.0,"Järvinen, Mika",Sport,MV,55,0,2,2,10,-,-,-,0,0,0,0,-,0,-,-
371,372.0,"Simontaival, Kasper*",Tappara,OH,5,0,2,2,0,2,3,-1,0,0,0,3,00,0,-,5:11
372,373.0,"#  Salo, Niklas",Pelicans,VH,12,0,2,2,0,2,3,-1,0,0,0,4,00,0,-,8:48
373,374.0,"Berger, Martin!",KooKoo,VP,16,0,2,2,50,6,9,-3,0,0,0,68,00,1,00,19:07
374,375.0,"Willman Borvik, Gustav*",Sport,OH,11,0,2,2,4,2,6,-4,0,0,0,24,00,4,250,10:05
375,376.0,"#  Piipponen, Topi",KalPa,VH,22,0,2,2,6,5,9,-4,0,0,0,32,00,2,500,8:25
376,377.0,"Ulander, Elias",HIFK,OP,34,0,2,2,10,6,10,-4,0,0,0,35,00,0,-,9:56
377,378.0,"#  Vainonen, Mikko",Sport,VP,11,0,2,2,18,4,9,-5,0,0,0,12,00,0,-,11:43
378,379.0,"Ollikainen, Anton",Tappara,OH,10,1,0,1,2,2,0,2,0,0,0,11,91,1,00,8:19
379,380.0,"Ylitalo, Eemeli*",Sport,OP,3,1,0,1,4,2,0,2,0,0,0,5,200,0,-,7:35
380,381.0,"Lannon, Ryan",Sport,VP,6,1,0,1,0,3,1,2,0,0,0,4,250,0,-,11:17
381,382.0,"#  Kuusisto, Jaakko",HPK,VH,9,1,0,1,0,3,1,2,0,0,1,17,59,1,1000,7:58
382,383.0,"Valtola, Olli*",TPS,VH,2,1,0,1,0,1,0,1,0,0,0,3,333,1,00,4:24
383,384.0,"Pärssinen, Juuso*",TPS,KH,7,1,0,1,0,1,0,1,0,0,0,7,143,60,417,10:31
384,385.0,"Viinikainen, Joonas*",JYP,VP,9,1,0,1,0,1,0,1,0,0,0,17,59,0,-,10:40
385,386.0,"Ahola, Aapo*",Pelicans,VP,7,1,0,1,4,2,1,1,0,0,0,6,167,0,-,11:38
386,387.0,"Mäntykivi, Matias*",SaiPa,OH,6,1,0,1,0,0,0,0,1,0,0,3,333,0,-,6:06
387,388.0,"Hopponen, Erno*",Ilves,VP,8,1,0,1,0,5,5,0,0,0,0,12,83,0,-,11:53
388,389.0,"Valtonen, Julius",Ilves,OH,17,1,0,1,0,3,4,-1,0,0,0,17,59,3,00,7:52
389,390.0,"Ahopelto, Erik*",Ilves,KH,7,1,0,1,0,1,3,-2,0,0,0,6,167,24,417,11:12
390,391.0,"Savolainen, Joonas*",TPS,VH,9,1,0,1,0,1,3,-2,0,0,0,8,125,1,00,8:12
391,392.0,"Petman, Mikko*",Lukko,OH,13,1,0,1,2,2,5,-3,0,0,0,8,125,1,00,8:02
392,393.0,"#  Barker, Cam",Ilves,VP,7,1,0,1,6,2,5,-3,1,0,0,24,42,0,-,16:07
393,394.0,"Riekkinen, Joona*",KalPa,OP,13,1,0,1,0,2,6,-4,0,0,0,21,48,0,-,10:47
394,395.0,"Carson, Brett",KooKoo,OP,33,1,0,1,20,10,22,-12,1,0,1,68,15,0,-,19:30
395,396.0,"#  Karalahti, Keni",Pelicans,OP,2,0,1,1,2,3,1,2,0,0,0,4,00,0,-,18:32
396,397.0,"Kouvalainen, Pasi",Pelicans,OH,1,0,1,1,0,1,0,1,0,0,0,6,00,0,-,8:46
397,398.0,"Radke, Roy+",SaiPa,OH,1,0,1,1,0,1,0,1,0,0,0,3,00,0,-,10:55
398,399.0,"Jantunen, Jonne+",Pelicans,OH,3,0,1,1,0,1,0,1,0,0,0,6,00,0,-,8:54
399,400.0,"#  Aaltonen, Leevi*",KalPa,VH,6,0,1,1,0,2,1,1,0,0,0,12,00,0,-,9:37
400,401.0,"Dostál, Lukáš*",Ilves,MV,6,0,1,1,0,-,-,-,0,0,0,0,-,0,-,-
401,402.0,"Kotkaniemi, Kasperi*",Ässät,MV,14,0,1,1,0,-,-,-,0,0,0,0,-,0,-,-
402,403.0,"Järvenpää, Juha+",KooKoo,MV,34,0,1,1,2,-,-,-,0,0,0,0,-,0,-,-
403,404.0,"Perhonen, Samu+",KooKoo,MV,35,0,1,1,2,-,-,-,0,0,0,0,-,0,-,-
404,405.0,"#  Bernard, Andreas",Ässät,MV,47,0,1,1,2,-,-,-,0,0,0,0,-,0,-,-
405,406.0,"Lehtonen, Antti",Ilves,MV,50,0,1,1,2,-,-,-,0,0,0,0,-,0,-,-
406,407.0,"Tuohimaa, Frans",SaiPa,MV,56,0,1,1,2,-,-,-,0,0,0,0,-,0,-,-
407,408.0,"Rajaniemi, Sami",Jukurit,MV,57,0,1,1,6,-,-,-,0,0,0,0,-,0,-,-
408,409.0,"Heljanko, Christian",Tappara,MV,57,0,1,1,8,-,-,-,0,0,0,0,-,0,-,-
409,410.0,"Jääskeläinen, Joona",Jukurit,OH,4,0,1,1,2,2,2,0,0,0,0,13,00,0,-,14:10
410,411.0,"#  Lindroos, Alex*",JYP,VP,11,0,1,1,0,3,3,0,0,0,0,16,00,0,-,6:18
411,412.0,"Ruotsi, Jesse*",Lukko,KH,19,0,1,1,14,4,4,0,0,0,0,12,00,18,444,8:01
412,413.0,"Huttunen, Heikki*",Jukurit,OH,6,0,1,1,0,1,2,-1,0,0,0,5,00,0,-,10:40
413,414.0,"Winberg, Tobias*",HIFK,VP,4,0,1,1,0,1,3,-2,0,0,0,2,00,0,-,5:11
414,415.0,"Maia, Bastien*",SaiPa,OH,11,0,1,1,0,1,3,-2,0,0,0,11,00,3,00,6:26
415,416.0,"Merelä, Waltteri*",Pelicans,OH,9,0,1,1,0,1,5,-4,0,0,0,13,00,2,500,8:14
416,417.0,"Puistola, Patrik*",Tappara,VH,16,0,1,1,0,3,7,-4,0,0,0,9,00,0,-,7:49
417,418.0,"Kristensen, Emil+",KooKoo,OP,6,0,1,1,2,2,7,-5,0,0,0,17,00,2,500,17:32
418,419.0,"Könönen, Juuso*",KalPa,VH,37,0,1,1,6,3,9,-6,0,0,0,34,00,5,400,8:22
419,420.0,"Torikka, Kasperi*+",SaiPa,VP,26,0,1,1,12,3,11,-8,0,0,0,21,00,1,00,10:13
420,421.0,"Pyett, Logan",KooKoo,OP,21,0,1,1,12,8,16,-8,0,0,0,38,00,0,-,17:33
421,422.0,"Nykopp, Thomas+",HIFK,KH,19,0,1,1,24,2,12,-10,0,0,0,31,00,209,469,12:33
422,423.0,"Jaakola, Konsta*",KooKoo,OH,4,0,0,0,4,1,0,1,0,0,0,3,00,0,-,6:15
423,424.0,"Airola, Santeri*",SaiPa,OP,1,0,0,0,0,0,0,0,0,0,0,1,00,0,-,12:29
424,425.0,"#  Aitola, Olli",JYP,OP,1,0,0,0,0,0,0,0,0,0,0,1,00,0,-,11:35
425,426.0,"Annunen, Justus*",Kärpät,MV,1,0,0,0,0,-,-,-,0,0,0,0,-,0,-,-
426,427.0,"Erholtz, Eemil*",Sport,OH,1,0,0,0,0,0,0,0,0,0,0,1,00,0,-,10:03
427,428.0,"Haas, Radek",Ässät,MV,1,0,0,0,0,-,-,-,0,0,0,0,-,0,-,-
428,429.0,"#  Jaakola, Topi",TPS,VP,1,0,0,0,0,0,0,0,0,0,0,2,00,0,-,18:46
429,430.0,"Kalajanniska, Oskari*",JYP,OH,1,0,0,0,0,0,0,0,0,0,0,0,-,0,-,0:00
430,431.0,"Kallio, Benjamin",Jukurit,MV,1,0,0,0,0,-,-,-,0,0,0,0,-,0,-,-
431,432.0,"Koskenkorva, Jesse*",Kärpät,KH,1,0,0,0,0,0,0,0,0,0,0,2,00,6,333,10:53
432,433.0,"Mustonen, Matias*",JYP,OH,1,0,0,0,0,0,0,0,0,0,0,3,00,0,-,12:28
433,434.0,"#  Mäkinen, Otto*",Tappara,KH,1,0,0,0,0,0,0,0,0,0,0,0,-,0,-,0:00
434,435.0,"#  Pohjanoksa, Julius*",TPS,MV,1,0,0,0,0,-,-,-,0,0,0,0,-,0,-,-
435,436.0,"#  Pylkkänen, Eetu*",TPS,VP,1,0,0,0,0,0,0,0,0,0,0,0,-,0,-,2:17
436,437.0,"#  Svoboda, Miroslav",Tappara,MV,1,0,0,0,0,-,-,-,0,0,0,0,-,0,-,-
437,438.0,"Taponen, Roope*",HIFK,MV,1,0,0,0,0,-,-,-,0,0,0,0,-,0,-,-
438,439.0,"Tieksola, Tuukka*",Kärpät,VH,1,0,0,0,0,0,0,0,0,0,0,2,00,0,-,12:09
439,440.0,"Troshin, Daniil*",Ilves,VP,1,0,0,0,0,0,0,0,0,0,0,0,-,0,-,3:44
440,441.0,"Vanhatalo, Lassi*",Tappara,VH,1,0,0,0,0,0,0,0,0,0,0,3,00,1,1000,5:53
441,442.0,"Åkerman, Tobias*",Sport,OP,1,0,0,0,0,0,0,0,0,0,0,0,-,0,-,0:00
442,443.0,"Haatanen, Aleks*",Pelicans,OH,2,0,0,0,0,0,0,0,0,0,0,0,-,0,-,4:02
443,444.0,"Harju, Heikki*",Sport,OH,2,0,0,0,0,0,0,0,0,0,0,0,-,0,-,11:08
444,445.0,"Jukuri, Samuel*",Kärpät,MV,2,0,0,0,0,-,-,-,0,0,0,0,-,0,-,-
445,446.0,"#  Katosalmi, Janne",KalPa,OH,2,0,0,0,0,0,0,0,0,0,0,2,00,0,-,8:10
446,447.0,"#  Rautiola, Antti",TPS,MV,2,0,0,0,0,-,-,-,0,0,0,0,-,0,-,-
447,448.0,"#  Vesterinen, Saku*",KalPa,OP,2,0,0,0,0,0,0,0,0,0,0,0,-,0,-,0:00
448,449.0,"Wehmas, Jeremi*",Tappara,VP,2,0,0,0,0,0,0,0,0,0,0,2,00,0,-,1:56
449,450.0,"Yrjölä, Lassi",Ilves,MV,2,0,0,0,0,-,-,-,0,0,0,0,-,0,-,-
450,451.0,"Lehti, Niklas",Ässät,MV,3,0,0,0,0,-,-,-,0,0,0,0,-,0,-,-
451,452.0,"Mölder, Conrad*",Sport,MV,3,0,0,0,0,-,-,-,0,0,0,0,-,0,-,-
452,453.0,"Nevasaari, Arttu*",TPS,OH,3,0,0,0,0,0,0,0,0,0,0,2,00,0,-,6:43
453,454.0,"Parkkinen, Niko*",JYP,MV,3,0,0,0,0,-,-,-,0,0,0,0,-,0,-,-
454,455.0,"Patrikainen, Jasper*",Pelicans,MV,3,0,0,0,0,-,-,-,0,0,0,0,-,0,-,-
455,456.0,"Kaarlehto, Karolus*",SaiPa,MV,4,0,0,0,0,-,-,-,0,0,0,0,-,0,-,-
456,457.0,"Nagy, Adam",Pelicans,MV,4,0,0,0,0,-,-,-,0,0,0,0,-,0,-,-
457,458.0,"#  Aalto, Tuomas*",HPK,MV,5,0,0,0,0,-,-,-,0,0,0,0,-,0,-,-
458,459.0,"#  Toivonen, Hannu",HIFK,MV,5,0,0,0,0,-,-,-,0,0,0,0,-,0,-,-
459,460.0,"#  Halonen, Niilo*",KooKoo,MV,6,0,0,0,0,-,-,-,0,0,0,0,-,0,-,-
460,461.0,"Lehikoinen, Kasper*",KooKoo,MV,6,0,0,0,0,-,-,-,0,0,0,0,-,0,-,-
461,462.0,"Randelin, Eetu*",Jukurit,MV,6,0,0,0,0,-,-,-,0,0,0,0,-,0,-,-
462,463.0,"Rautiainen, Kimmo*",Tappara,MV,6,0,0,0,0,-,-,-,0,0,0,0,-,0,-,-
463,464.0,"Ruokonen, Ville*",HPK,MV,6,0,0,0,0,-,-,-,0,0,0,0,-,0,-,-
464,465.0,"Rauhala, Jani*",KalPa,MV,7,0,0,0,0,-,-,-,0,0,0,0,-,0,-,-
465,466.0,"#  Reijola, Rasmus",HPK,MV,7,0,0,0,0,-,-,-,0,0,0,0,-,0,-,-
466,467.0,"Suni, Sami*",Pelicans,MV,7,0,0,0,0,-,-,-,0,0,0,0,-,0,-,-
467,468.0,"Metsävainio, Elmeri*",KalPa,MV,9,0,0,0,0,-,-,-,0,0,0,0,-,0,-,-
468,469.0,"#  Hovinen, Niko",KalPa,MV,13,0,0,0,0,-,-,-,0,0,0,0,-,0,-,-
469,470.0,"Anttila, Eetu*",TPS,MV,15,0,0,0,0,-,-,-,0,0,0,0,-,0,-,-
470,471.0,"#  Tuokkola, Pekka",Lukko,MV,22,0,0,0,0,-,-,-,0,0,0,0,-,0,-,-
471,472.0,"Iilahti, Jonathan+",KalPa,MV,29,0,0,0,0,-,-,-,0,0,0,0,-,0,-,-
472,473.0,"Salminen, Oskari*",KooKoo,MV,30,0,0,0,0,-,-,-,0,0,0,0,-,0,-,-
473,474.0,"Voutilainen, Joona",JYP,MV,41,0,0,0,0,-,-,-,0,0,0,0,-,0,-,-
474,475.0,"Haukeland, Henrik",TPS,MV,48,0,0,0,0,-,-,-,0,0,0,0,-,0,-,-
475,476.0,"Westerholm, Niclas",SaiPa,MV,54,0,0,0,0,-,-,-,0,0,0,0,-,0,-,-
476,477.0,"Karjalainen, Antti",HPK,MV,57,0,0,0,0,-,-,-,0,0,0,0,-,0,-,-
477,478.0,"Setänen, Oskari",Lukko,MV,57,0,0,0,0,-,-,-,0,0,0,0,-,0,-,-
478,479.0,"Korpikoski, Lauri",TPS,VH,1,0,0,0,2,0,0,0,0,0,0,5,00,1,00,17:28
479,480.0,"Isiguzo, Bernard*",TPS,OP,14,0,0,0,2,0,0,0,0,0,0,11,00,0,-,4:24
480,481.0,"Bäckström, Niklas",Tappara,MV,50,0,0,0,2,-,-,-,0,0,0,0,-,0,-,-
481,482.0,"Engren, Atte",HIFK,MV,50,0,0,0,2,-,-,-,0,0,0,0,-,0,-,-
482,483.0,"Rynnäs, Jussi",Kärpät,MV,55,0,0,0,2,-,-,-,0,0,0,0,-,0,-,-
483,484.0,"Skarek, Jakub",Pelicans,MV,43,0,0,0,4,-,-,-,0,0,0,0,-,0,-,-
484,485.0,"Godla, Denis",KalPa,MV,56,0,0,0,4,-,-,-,0,0,0,0,-,0,-,-
485,486.0,"Kiviaho, Henri+",Ässät,MV,47,0,0,0,12,-,-,-,0,0,0,0,-,0,-,-
486,487.0,"Vehviläinen, Veini",Kärpät,MV,54,0,0,0,14,-,-,-,0,0,0,0,-,0,-,-
487,488.0,"Ruusu, Markus",HIFK,MV,56,0,0,0,14,-,-,-,0,0,0,0,-,0,-,-
488,489.0,"Tirronen, Rasmus",TPS,MV,48,0,0,0,16,-,-,-,0,0,0,0,-,0,-,-
489,490.0,"Olkinuora, Juho",Pelicans,MV,55,0,0,0,16,-,-,-,0,0,0,0,-,0,-,-
490,491.0,"Haaparanta, Mikko*",SaiPa,OH,5,0,0,0,0,1,1,0,0,0,0,6,00,0,-,8:43
491,492.0,"Riikola, Simo-Pekka",Lukko,OP,29,0,0,0,22,13,13,0,0,0,0,23,00,0,-,13:40
492,493.0,"#  Foster, Taylor",Sport,KH,1,0,0,0,0,0,1,-1,0,0,0,0,-,1,1000,3:29
493,494.0,"Takala, Eemeli",Ässät,VH,1,0,0,0,0,0,1,-1,0,0,0,1,00,0,-,9:51
494,495.0,"Henttonen, Toni*",Ilves,VH,2,0,0,0,0,0,1,-1,0,0,0,2,00,0,-,9:44
495,496.0,"Kiviniemi, Teemu",Ässät,OP,2,0,0,0,0,0,1,-1,0,0,0,4,00,0,-,10:05
496,497.0,"Larinmaa, Jesper*",TPS,VH,2,0,0,0,0,0,1,-1,0,0,0,0,-,0,-,2:54
497,498.0,"#  Mäkinen, Atte*",TPS,VH,2,0,0,0,0,0,1,-1,0,0,0,1,00,0,-,11:19
498,499.0,"Hämäläinen, Sakke*",Pelicans,KH,3,0,0,0,0,0,1,-1,0,0,0,1,00,11,182,5:53
499,500.0,"Koski, Kevin*",TPS,VP,3,0,0,0,0,0,1,-1,0,0,0,1,00,0,-,1:41
500,501.0,"#  O'Donnell, Brendan",KooKoo,KH,3,0,0,0,0,0,1,-1,0,0,0,8,00,22,227,11:30
501,502.0,"Arrak, Robert*",Sport,KH,4,0,0,0,0,0,1,-1,0,0,0,7,00,8,250,8:36
502,503.0,"Viinikainen, Olli-Petteri*",JYP,OP,4,0,0,0,0,0,1,-1,0,0,0,3,00,0,-,6:51
503,504.0,"Laitamäki, Elias*",Ilves,VP,7,0,0,0,0,0,1,-1,0,0,0,0,-,0,-,3:13
504,505.0,"Kukkonen, Miska*",Lukko,OP,8,0,0,0,0,0,1,-1,0,0,0,4,00,0,-,4:56
505,506.0,"#  Kombe, Kristjan*",HPK,VH,3,0,0,0,2,0,1,-1,0,0,0,2,00,0,-,10:07
506,507.0,"Hermonen, Julius*",Kärpät,VH,3,0,0,0,0,1,2,-1,0,0,0,3,00,0,-,10:25
507,508.0,"#  Ahonen, Jesse*",Pelicans,OP,4,0,0,0,0,1,2,-1,0,0,0,1,00,0,-,9:02
508,509.0,"Vuorisalo, Teemu+",Ässät,OP,7,0,0,0,2,1,2,-1,0,0,0,9,00,0,-,6:38
509,510.0,"Nousiainen, Kim*",KalPa,VP,6,0,0,0,4,1,2,-1,0,0,0,10,00,0,-,8:21
510,511.0,"Latvala, Otto*",HPK,OP,5,0,0,0,2,2,3,-1,0,0,0,18,00,0,-,12:12
511,512.0,"Finley, Joe+",HIFK,VP,19,0,0,0,30,6,7,-1,0,0,0,25,00,0,-,7:48
512,513.0,"Heino, Lauri*",Pelicans,VH,1,0,0,0,0,0,2,-2,0,0,0,1,00,0,-,6:36
513,514.0,"Ylitalo, Niklas*",Lukko,OH,2,0,0,0,0,0,2,-2,0,0,0,2,00,0,-,9:16
514,515.0,"Rutanen, Aleksi*",JYP,OH,4,0,0,0,0,0,2,-2,0,0,0,1,00,1,00,7:00
515,516.0,"#  Tamminen, Henri",JYP,OH,5,0,0,0,2,0,2,-2,0,0,0,3,00,0,-,8:36
516,517.0,"Laitinen, Vili*",Lukko,OP,19,0,0,0,2,5,7,-2,0,0,0,15,00,0,-,13:58
517,518.0,"Luusuaniemi, Aatu*",SaiPa,OH,7,0,0,0,0,0,3,-3,0,0,0,5,00,2,00,8:31
518,519.0,"Ek, Aleksi*",Pelicans,VP,3,0,0,0,2,0,3,-3,0,0,0,7,00,0,-,14:47
519,520.0,"Lamberg, Matti+",Ässät,OH,8,0,0,0,2,0,3,-3,0,0,0,10,00,2,500,6:23
520,521.0,"Ketola, Juuso*+",Ässät,OP,7,0,0,0,4,0,3,-3,0,0,0,6,00,0,-,11:05
521,522.0,"#  Tamminen, Sami",KooKoo,KH,18,0,0,0,0,1,4,-3,0,0,0,11,00,62,452,5:50
522,523.0,"Vainio, Veeti+",SaiPa,OP,8,0,0,0,4,2,5,-3,0,0,0,11,00,0,-,12:34
523,524.0,"Pennanen, Toivo*",Sport,VP,7,0,0,0,0,4,7,-3,0,0,0,9,00,0,-,8:37
524,525.0,"#  Juusola, Mikko*",KalPa,VH,4,0,0,0,0,0,4,-4,0,0,0,10,00,9,444,10:54
525,526.0,"Seppälä, Erkka*",HPK,KH,18,0,0,0,4,2,6,-4,0,0,0,16,00,62,403,9:13
526,527.0,"Salmela, Santeri",KooKoo,VP,17,0,0,0,2,7,14,-7,0,0,0,9,00,0,-,12:18
527,528.0,"#  Saukko, Ville",Sport,OP,25,0,0,0,18,7,19,-12,0,0,0,32,00,0,-,13:29
528,529.0,"Generous, Matt",Ilves,OP,36,0,0,0,41,4,17,-13,0,0,0,44,00,0,-,15:01
